article_id,claim_id,claim_rank,claim_text,claim_category,speaker,organization,verdict,verdict_explanation,needs_review
043902b3c15aa603,043902b3c15aa603:C01,1,"The US government stated that a new immigration rule is necessary to curb “visa abuse"" by limiting the duration of stay for foreign students and exchange visitors in the country.",government_position,US government,,unresolved,No primary source evidence provided for this claim about the US government stating the necessity of the new rule to curb visa abuse by limiting duration of stay for foreign students and exchange visitors.,True
043902b3c15aa603,043902b3c15aa603:C06,2,"If finalised, the rule would require students to undergo periodic reviews by DHS to extend their stay.",policy,,Department of Homeland Security,unresolved,No primary source evidence provided regarding the requirement for periodic DHS reviews to extend student stays in this document.,True
043902b3c15aa603,043902b3c15aa603:C02,3,"The new proposal would grant admission for the length of a student’s program, up to a maximum of four years.",policy,,Department of Homeland Security,supported,"The regulatory text and agency explanations confirm that under the proposal, F-1 and J-1 nonimmigrants are admitted for the length of their program as specified on Form I-20 or DS-2019, up to a maximum of 4 years.",False
043902b3c15aa603,043902b3c15aa603:C03,4,The rule is designed to prevent individuals from remaining in the US indefinitely under student status.,government_position,US officials,,supported,"The proposed rule replaces duration of status (D/S) with fixed admission periods, limiting the time individuals can remain and requiring extensions via USCIS, indicating a design to prevent indefinite stay under student status.",False
043902b3c15aa603,043902b3c15aa603:C04,5,"Past Administrations have allowed foreign students and other visa holders to remain in the US virtually indefinitely, posing safety risks, costing untold amounts of taxpayer dollars, and disadvantaging U.S. citizens.",government_position,DHS spokesperson,Department of Homeland Security,supported,"The evidence shows that past practice allowed students to remain in F status for decades under D/S by continuously extending program dates, raising DHS concerns about indefinite stay and related risks.",False
043902b3c15aa603,043902b3c15aa603:C05,6,"This new proposed rule would end that abuse once and for all by limiting the amount of time certain visa holders are allowed to remain in the US, easing the burden on the federal government to properly oversee foreign students and history.",government_position,DHS spokesperson,Department of Homeland Security,supported,"The proposed rule ends 'duration of status' admission in favor of fixed periods and requires adjudicator oversight to monitor extensions, easing federal oversight burdens and preventing abuse as stated.",False
5ac3f396d3af9b42,5ac3f396d3af9b42:C01,1,"The proposed rule outlines new duration limits for F-1 students, with a maximum stay of four years, which includes optional practical training (OPT), and a reduced grace period of just 30 days.",policy,,,partially_supported,"The proposed rule decreases the grace period for F-1 students after their studies or OPT from 60 days to 30 days (proposed:III.B/p16). F-1 students are admitted for the program length up to a maximum of 4 years (proposed:8 CFR 214.2/p3) and may be granted extensions not exceeding 4 years (proposed:8 CFR 214.2/p37). However, transitioning F students maintaining status on the specified date keep a 60-day departure period, so the 30-day period is not absolute for all students already in the US (proposed:8 CFR 214.1/p31). Therefore, the claim about maximum stay of four years including OPT and a reduced grace period to 30 days is mostly supported but incomplete due to transition rules.",True
5ac3f396d3af9b42,5ac3f396d3af9b42:C07,2,Graduate students could not change their program or level of study at all.,policy,,,partially_supported,"The proposal prohibits graduate-level F-1 students from changing programs at any point during their program (proposed:III.B/p13, 8 CFR 214.2/p10). However, the final rule clarifies that transfers remain possible with SEVP exceptions for extenuating circumstances, which was not explicitly stated in the proposal (change_from_proposed). Thus, the claim that graduate students could not change their program or level of study at all is partially supported since transfers with exceptions are allowed.",True
5ac3f396d3af9b42,5ac3f396d3af9b42:C08,3,"Students who travel while an extension request is pending may face complications as travel could be considered abandonment of their extension request, risking delays or denials.",policy,,,partially_supported,"The rule states students must timely respond to Requests for Evidence (RFE) even if traveling while extension requests are pending, and failure to respond may lead to denial for abandonment (proposed:V.C/p10). However, DHS declined to adopt a blanket policy that traveling while EOS is pending constitutes abandonment for J nonimmigrants (proposed:V.F.iii/p5). Therefore, the claim that students who travel while an extension request is pending may face complications such as abandonment is partially supported but not absolute.",True
5ac3f396d3af9b42,5ac3f396d3af9b42:C13,4,"The proposed changes could have significant implications for US higher education institutions, which have long relied on international students.",interpretation,,,partially_supported,"The proposed changes restrict graduate students from changing programs, and require that new programs be at higher educational levels after completing prior programs, which could impact international students' educational paths. However, the evidence does not explicitly discuss the broader implications for US higher education institutions, so the claim about significant implications is reasonably inferred but not fully established by the supplied evidence.",True
5ac3f396d3af9b42,5ac3f396d3af9b42:C03,5,English language students would have a maximum stay of 24 months.,policy,,,supported,"The final rule explicitly restricts F-1 students in English language training programs to a maximum admission period of 24 months plus 30 days for departure (final:8 CFR 214.2/p7). This is confirmed in the agency explanation and summary of changes (final:V.F.1/p5, final:II.C/p24). Thus, the claim that English language students would have a maximum stay of 24 months is supported.",True
5ac3f396d3af9b42,5ac3f396d3af9b42:C04,6,Public high school students would be limited to only 12 months stay.,policy,,,supported,"The final rule restricts F-1 students attending public high schools (including charter schools funded by taxpayers) to an aggregate of no more than 12 months total including breaks and vacations (final:8 CFR 214.2/p9). The agency explanation affirms this limitation and clarifications (final:V.F.1/p2). Hence, the claim that public high school students would be limited to only 12 months stay is supported.",True
6ef49be7ff558976,6ef49be7ff558976:C12,1,"Under the proposed rule, F-1 students will have to file for an extension of F-1 status to be eligible for OPT and STEM OPT work extensions.",policy,Dan Berger,Green & Spiegel,contradicted,"The proposed rule specifies that F-1 students recommended for post-completion OPT or STEM OPT who timely file their employment authorization application are not required to file an extension of stay (Form I-539) for the OPT period. Therefore, the claim that students will have to file for an extension of status to be eligible for OPT and STEM OPT is incorrect under the proposed rule.",False
6ef49be7ff558976,6ef49be7ff558976:C09,2,An F-1 student at the graduate degree level or above may not change programs at any point during a program of study.,policy,,Trump administration,partially_supported,"The proposed rule states that ""an F-1 student at the graduate degree level or above may not change programs at any point during a program of study."" However, the supporting key fact KF-PROG-01 clarifies that while graduate level students may not change educational objectives, they may transfer schools with an SEVP exception for extenuating circumstances. Therefore, the claim as stated, which does not mention allowed SEVP exceptions for transfers, is an overstated summary of the proposed rule.",True
6ef49be7ff558976,6ef49be7ff558976:C04,3,The rule limits the period of stay for “foreign information media” on I visas.,policy,,Trump administration,unresolved,"No primary source evidence was supplied that addresses limits on the period of stay for ""foreign information media"" on I visas; therefore, the claim cannot be verified.",True
6ef49be7ff558976,6ef49be7ff558976:C13,4,"USCIS ended deference to prior findings of fact for adjudications during Trump’s first term, leading to more Requests for Evidence and denials on H-1B extensions.",government_position,,USCIS under Trump administration,unresolved,"The provided evidence does not discuss USCIS policies during Trump's first term regarding deference to prior findings of fact or its impact on Requests for Evidence and denials for H-1B extensions. Thus, this claim cannot be verified with the supplied evidence.",True
6ef49be7ff558976,6ef49be7ff558976:C05,5,Language training students are limited to an aggregate 24-month period of stay.,policy,,Trump administration,supported,"The final rule text and agency explanations explicitly limit F-1 students in language training programs to an aggregate 24 months of study, including breaks, with a 30-day additional departure period, confirming the claim.",True
6ef49be7ff558976,6ef49be7ff558976:C14,6,The proposed rule allows international students to obtain an extension of stay for certain valid reasons.,policy,,Trump administration,supported,"The proposed rule includes provisions allowing F-1 students to apply for and be granted extensions of stay based on a new Form I-20 and other eligibility criteria, replacing admission for duration of status with fixed admission periods. This directly supports the claim that the proposed rule allows international students to obtain extensions of stay.",True
2359f21b8ccc125e,2359f21b8ccc125e:C08,1,Students who exceed this period will need to leave the U.S. and obtain a new visa to return.,policy,,,contradicted,"The evidence states that F-1 students who cannot complete within their admission period can apply to USCIS for an extension of stay with a new Form I-20 without needing to leave the U.S. Therefore, the claim that students must leave and obtain a new visa upon exceeding the period is contradicted by the provision for extensions of stay.",False
2359f21b8ccc125e,2359f21b8ccc125e:C01,2,Newly admitted students on F-1 visa will be required to complete at least one full year at their initial institution before they can transfer to another university.,policy,,,partially_supported,"The proposed rule text explicitly states that F-1 students changing educational objectives or transferring must complete their first academic year at the school that issued their original Form I-20, unless an exception is authorized by SEVP, directly supporting the claim. Number/date values not found in cited evidence: 1.",True
2359f21b8ccc125e,2359f21b8ccc125e:C04,3,Graduate students will no longer have the option to switch programs or universities after arriving in the U.S.,policy,,,partially_supported,"The proposal prohibits graduate students from changing programs but allows transfers with SEVP exceptions for extenuating circumstances; graduate students may transfer schools only with such exceptions. The claim broadly states they will no longer have the option to switch programs or universities, which is overstated because transfers with exceptions remain allowed. Also, the reduced post-completion departure time from 60 to 30 days is supported.",True
2359f21b8ccc125e,2359f21b8ccc125e:C05,4,They are required to remain enrolled at the institution listed on their I-20 form at the time their visa was approved.,policy,,,partially_supported,"The claim states students are required to remain enrolled at the institution on their original I-20 at visa approval. Evidence requires F-1 students to complete the first academic year at that institution before transfer unless exception authorized. However, extensions of stay can be applied for, allowing continued enrollment, which qualifies the claim as partially supported rather than absolute.",True
2359f21b8ccc125e,2359f21b8ccc125e:C06,5,"Students completing their Optional Practical Training (OPT) will now have only 30 days to stay in the U.S. after their authorization expires, down from the previous 60 days.",policy,,,supported,"Final regulatory text and explanations confirm that the allowed period for F-1 students to prepare to depart after course study or post-completion OPT is decreased from 60 days to 30 days, directly supporting the claim.",True
2359f21b8ccc125e,2359f21b8ccc125e:C03,6,The updated rules prevent students from pursuing multiple degrees at the same level like consecutive master’s programs without leaving the U.S. and reapplying for a new visa.,policy,,,supported,"The proposed rule prohibits graduate-level F-1 students from changing programs at any point. It requires after completing a program, a person can only start another F-1 program at a higher educational level, prohibiting same or lower levels. The explanation discusses multiple degrees at the same level not being permitted without leaving or reapplying, aligning with the claim's assertion.",False
6d40b2196b44f01e,6d40b2196b44f01e:C12,1,"DHS pointed to fraud by school operators involved in ""pay-to-stay"" schemes, including one case leading to a prison sentence and a $450,000 fine.",government_position,DHS,DHS,partially_supported,"The claim about DHS pointing to pay-to-stay fraud schemes by school operators, including a case resulting in prison and fines, is supported by the final rule's explanation describing prosecutions, fraudulent reporting by schools and DSOs, and specific examples with sentences and forfeitures totaling more than $450,000. Number/date values not found in cited evidence: 450000.",True
6d40b2196b44f01e,6d40b2196b44f01e:C01,2,"The Department of Homeland Security (DHS) has proposed a sweeping new regulation that would impose fixed visa periods on international students, exchange visitors and foreign journalists, replacing the decades-old policy of open-ended stays based on program participation.",policy,Department of Homeland Security,DHS,supported,"The evidence shows DHS proposed striking all references to duration of status (D/S) for F, J, and I nonimmigrants and replacing it with admission for a fixed time period. It also explains the policy change from open-ended stays based on program participation to fixed visa periods, fulfilling the claim.",True
6d40b2196b44f01e,6d40b2196b44f01e:C04,3,"International students, even those enrolled in multi-year degree programs or authorized training, would be required to adhere to stricter timelines and submit applications for continued stay, each subject to government approval.",policy,Department of Homeland Security,DHS,supported,"The final rule evidence documents more restrictive timelines for students, limits on English language training program lengths, reduced preparation time post-study, extension application requirements, and oversight to prevent long-term abuses, supporting the claim that stricter timelines and government approvals apply.",True
6d40b2196b44f01e,6d40b2196b44f01e:C02,4,"The draft rule would eliminate the current ""duration of status"" (D/S) model for F and J visa holders and instead implement capped admission periods of up to four years.",policy,Department of Homeland Security,DHS,supported,"The evidence confirms that the proposed rule would eliminate the D/S model for F and J visa holders and implement capped admission periods up to 4 years. It also details transition provisions and the need for extensions beyond 4 years, matching the claim's substance. Unretrieved evidence IDs were removed.",False
6d40b2196b44f01e,6d40b2196b44f01e:C03,5,"After four years, visa holders would need to apply for an extension or depart the country.",policy,Department of Homeland Security,DHS,supported,"The evidence indicates that after the fixed admission period (up to 4 years), visa holders must apply for extension of stay or depart the U.S. It also specifies immediate departure upon denial of extension requests without grace periods, supporting the claim.",False
6d40b2196b44f01e,6d40b2196b44f01e:C05,6,"Universities, colleges and cultural exchange sponsors will have to adjust to new data collection requirements via DHS systems like SEVIS and SEVP.",policy,Department of Homeland Security,DHS,supported,"The evidence confirms that universities, colleges, and cultural exchange sponsors must comply with new biometric data requirements and use DHS systems like SEVIS and SEVP for recordkeeping and reporting, substantiating the claim.",False
b5e564589c6021a7,b5e564589c6021a7:C03,1,"This conversion resulted in male students having access to another restroom on that floor designated exclusively for males and female students having to seek an exclusive restroom elsewhere, denying their right to equal educational facilities and opportunities.",government_position,U.S. Department of Education,U.S. Department of Education,unresolved,"The supplied evidence focuses on regulatory provisions regarding nonimmigrant student status, program level transitions, length of study, and administrative concerns. None of the cited passages address restroom access policies, or gender-based facility access, nor do they discuss impacts on students' rights to equal educational facilities and opportunities. Therefore, the evidence is insufficient to verify or contradict the claim about restroom access and rights denial.",True
b5e564589c6021a7,b5e564589c6021a7:C05,2,The federal government has threatened to withhold millions in federal funds from five Virginia school districts for policies allowing students to use bathroom and locker room facilities consistent with their gender identity.,government_position,federal government,U.S. Department of Education,unresolved,"The evidence relates to visa durations, extension of stay applications, biometric collection, fraud concerns regarding school enrollment and status maintenance, and public commenting procedures. None discuss any federal government threats to withhold funds from school districts in Virginia or any policies regarding student bathroom and locker room use based on gender identity. Thus, the evidence provided is insufficient to verify or contradict the claim.",True
ea2038472c019f65,ea2038472c019f65:C01,1,The Department of Homeland Security (DHS) proposed rule (Docket No. ICEB-2025-0001) would eliminate Duration of Status (D/S) for international students and replace it with fixed four-year periods.,policy,,Department of Homeland Security,partially_supported,"The proposed rule, as indicated by evidence proposed:III.B/p3, would end D/S for F nonimmigrants and replace it with admissions for a fixed time period. The regulatory text in proposed:8 CFR 214.2/p3 states an F-1 student is admitted for a fixed period necessary to complete the program indicated on Form I-20, not to exceed 4 years. The comment deadline confirms contemporaneous timing (proposed:FRONT.DATES/p1). Thus, the claim that the DHS proposed rule would eliminate Duration of Status and replace it with fixed four-year periods is supported by the evidence. Number/date values not found in cited evidence: 0001.",True
ea2038472c019f65,ea2038472c019f65:C03,2,The proposed four-year cap would force students into costly annual visa renewals that most cannot afford on graduate student stipends alone.,interpretation,American Sociological Association,American Sociological Association,partially_supported,"The evidence confirms that the rule proposes a fixed admission period not to exceed 4 years, which could lead to more frequent renewals compared to duration of status (proposed:V.A/p15). Graduate students are prohibited from changing programs except in limited exceptions (proposed:III.B/p13,p12). However, specific evidence about forcing costly annual visa renewals unaffordable on stipends is not explicitly detailed in the evidence. The rule discusses program length admission and some transfer restrictions, but does not explicitly state the financial burden or annual renewal cost. Hence, while the four-year cap and restrictions are supported, the claim about forcing costly annual visa renewals unaffordable to most on graduate stipends is not directly verified.",True
ea2038472c019f65,ea2038472c019f65:C04,3,"The rule would create complex bureaucratic hurdles, resulting in processing delays and a constant risk of status termination, which would hinder the academic progress of international students.",interpretation,American Sociological Association,American Sociological Association,partially_supported,"The evidence confirms the rule ends D/S and replaces it with fixed admission periods (proposed:III.B/p3). Extensions of stay require discretionary approval with documented compelling reasons (proposed:V.E.v/p6,p1), and extensions are not guaranteed, which may create bureaucratic hurdles and risk of status termination. The transitional provisions allow some continued status but require extension applications thereafter (proposed:8 CFR 214.1/p31). However, the evidence does not detail explicit processing delays or an assessment that this would hinder academic progress, only that discretionary extensions and new standards apply. Therefore, the claim that the rule would create bureaucratic hurdles and constant risk that hinder academic progress is partially supported but lacks direct evidence describing processing delays or academic progress hindrance.",True
09b09e28efee3db8,09b09e28efee3db8:C03,1,"The rule would cap most student and scholar visas at four years, restrict transfers and changes of academic programs, shorten the post-completion grace period from 60 to 30 days, and limit English-language study to 24 months.",policy,,US Immigration and Customs Enforcement (ICE),partially_supported,"The proposed rule caps most student and scholar visas at 4 years and restricts English-language study to 24 months as claimed. It shortens the post-completion grace period from 60 to 30 days for new admissions, though transitioning students maintaining status as of a specified date retain longer grace periods, complicating the claim that grace periods simply shorten from 60 to 30 days. Restriction on transfers and changes of academic programs is supported by proposed conditions on timing for class resumption after transfer. Since the claim does not mention the transitional provisions that preserve some longer grace periods for certain students, it is only partially supported.",True
09b09e28efee3db8,09b09e28efee3db8:C13,2,ACE and the Presidents’ Alliance urged DHS to withdraw the rule entirely and engage directly with higher-education stakeholders to address any legitimate concerns without jeopardizing US appeal as a destination for global talent.,policy,American Council on Education (ACE) and the Presidents’ Alliance,American Council on Education and Presidents’ Alliance,unresolved,The claim concerns litigation activity not established by the indexed September 14 ruling.,True
09b09e28efee3db8,09b09e28efee3db8:C01,3,"The proposed rule would replace the longstanding “duration of status” (D/S) policy for F-1 international students and J-1 exchange visitors with fixed, four-year visa terms.",policy,,Department of Homeland Security (DHS),supported,"The proposed rule explicitly strikes all references to duration of status (D/S) for F, J, and I nonimmigrants, replacing it with admission for a fixed time period, notably a maximum of 4 years for J-1 exchange visitors. Regulatory text confirms fixed admission periods tied to program end dates not to exceed 4 years. Additional context clarifies DHS's intent to institute fixed four-year terms replacing D/S for these categories, supporting the claim in all material respects.",False
21b8f78374b09148,21b8f78374b09148:C14,1,"Until Congress completes its review and an implementation date is announced, the current “duration of status” framework will remain in force.",policy,,,contradicted,"The evidence establishes that the final rule has an effective date of September 15, 2026, at which point the fixed-period admission framework replaces the current duration of status framework. While subject to congressional review and possible change, the rule sets a definitive implementation date. Thus, the claim that the current duration of status framework will remain in force until Congress completes its review and an implementation date is announced is contradicted by the evidence, which shows a specific effective date has been set and announced in the rule itself.",False
21b8f78374b09148,21b8f78374b09148:C08,2,The Trump administration said the measure is intended to strengthen oversight of temporary visa holders and enhance national security.,government_position,Trump administration,,partially_supported,"The DHS states that the measure is intended to strengthen oversight and national security. However, the claim attributes this to the Trump administration, which is not supported or contradicted by the evidence; the documents reflect DHS's purpose without attribution to a prior administration.",True
21b8f78374b09148,21b8f78374b09148:C13,3,Administrative delays or processing backlogs could leave students temporarily out of legal status.,interpretation,,,partially_supported,"The final rule aims to provide DHS better oversight and protection, which implies administrative processes that could cause delays. The requirement that extension applications must be discretionary and meet strict criteria supports potential gaps in authorized status during processing. However, no direct explicit statement in the evidence says that administrative delays or backlogs will definitely leave students temporarily out of status, only that such delays could do so. Therefore, the claim is partially supported as it matches the reasonable implication but is not unambiguously confirmed as a guaranteed outcome.",True
21b8f78374b09148,21b8f78374b09148:C10,4,Indian students are expected to be among the most affected by the new visa rules.,interpretation,,,unresolved,"The evidence discusses broadly the affected population including F, J, and I visa holders and educational institutions but does not specifically state that Indian students are among the most affected.",True
21b8f78374b09148,21b8f78374b09148:C01,5,The US Department of Homeland Security (DHS) finalized a regulation replacing the long-standing “duration of status” system with a fixed period of stay for international students.,policy,US Department of Homeland Security (DHS),US Department of Homeland Security (DHS),supported,"The final rule text confirms that the DHS regulation replaces the duration of status system with a fixed admission period for F, J, and I visa holders, as stated in multiple regulatory passages.",True
21b8f78374b09148,21b8f78374b09148:C04,6,F-1 visa holders whose courses extend beyond four years will need to apply to DHS for an extension before their authorised stay expires.,policy,,,supported,The final rule states F-1 students whose programs extend beyond the maximum stay must apply for an extension of stay with USCIS before their authorized stay expires.,True
6190b0444c6018fe,6190b0444c6018fe:C01,1,"The Trump administration has approved new regulations limiting the length of stay in the United States for foreign students, cultural exchange programme participants and foreign journalists.",policy,,,unresolved,"No primary source evidence is provided to confirm that these regulations were approved by the Trump administration. The final rule was published by DHS in 2026, with no evidence to link the regulation approval to the Trump administration.",True
6190b0444c6018fe,6190b0444c6018fe:C07,2,The Department of Homeland Security said assigning a fixed period of stay would strengthen oversight of visa holders and help prevent potential abuse of the US immigration system.,government_position,Department of Homeland Security,Department of Homeland Security,unresolved,No primary source evidence provided to confirm that the Department of Homeland Security specifically stated that assigning fixed stay periods would strengthen oversight and prevent abuse.,True
6190b0444c6018fe,6190b0444c6018fe:C02,3,"Under the final regulations issued by the US Department of Homeland Security, holders of F visas for foreign students and J visas for exchange programme participants will, in most cases, be allowed to stay in the United States for a maximum of four years.",policy,US Department of Homeland Security,US Department of Homeland Security,supported,"The final rule replaces duration of status (D/S) with admission for a fixed time period for F and J visa holders, mostly capped at a maximum of four years. Aliens maintaining status on September 15, 2026 may stay up to 4 years from that date per 8 CFR 214.1(m)(1). J-1 visitors are admitted for the length of the program, up to 4 years, per 8 CFR 214.2(j)(1)(ii)(A). These points directly support the claim.",True
6190b0444c6018fe,6190b0444c6018fe:C04,4,"The new rules also limit the stay of Chinese journalists to 90 days, although they may apply for an extension before their authorised stay expires.",policy,,,supported,"The rule specifies a 90-day limit for I nonimmigrants from the People's Republic of China (excluding Hong Kong and Macau passport holders) with possibility to apply for extensions, confirming the claim. Unretrieved evidence IDs were removed.",True
6190b0444c6018fe,6190b0444c6018fe:C09,5,"The changes could particularly affect doctoral students and graduates working under the Optional Practical Training (OPT) programme, as they may also need to apply for extensions to continue their stay.",interpretation,,,supported,"The rule and accompanying explanations indicate doctoral students and graduates working under OPT may need to apply for extensions to continue their stay, supporting the claim.",True
6190b0444c6018fe,6190b0444c6018fe:C03,6,Foreign journalists holding I visas will generally be permitted to remain in the country for up to 240 days.,policy,,,supported,"I visa holders may be admitted for the necessary time to complete assignments, generally not exceeding 240 days as per 8 CFR 214.2(i)(3)(i), supporting the claim that foreign journalists holding I visas will generally be permitted to remain up to 240 days.",False
718451c5503cdb9a,718451c5503cdb9a:C01,1,international students will now only be allowed to stay in the United States for four years under their visa,policy,Department of Homeland Security,U.S. Department of Homeland Security,partially_supported,"The final rule limits international students' fixed admission to a maximum of 4 years starting September 15, 2026, rather than staying indefinitely under 'duration of status'. However, current students admitted for duration of status on that date may stay until the later of their program end date or EAD expiration, but not exceeding 4 years from that date, plus a departure period. So students already present are allowed some flexibility up to 4 years, rather than 'now only allowed four years' exactly from visa start. The 60-day departure period for F students after their stay ends is preserved for current students, contrary to some interpretations that reduce grace to 30 days for all. Therefore, the claim that international students will now only be allowed four years is partly supported but needs context about continuation for current students and grace periods.",True
718451c5503cdb9a,718451c5503cdb9a:C03,2,"The ruling guts a 1978 policy, known as ‘duration of status,’ that allowed international college and university students to stay in the U.S. until their program ended",policy,,,partially_supported,"The evidence shows that the 1978 'duration of status' policy allowed students to stay in the U.S. until their program ended (with authorized practical training plus departure time). The new rule replaces this with a fixed admission period not to exceed 4 years, ending the open-ended duration of status for F, J, and I visa holders. This directly supports the claim. Unretrieved evidence IDs were removed. Number/date values not found in cited evidence: 1978.",True
718451c5503cdb9a,718451c5503cdb9a:C05,3,Current international students will start their four-year stay on that day,policy,,,partially_supported,"Current students admitted for duration of status on September 15, 2026, continue until their program end date or EAD expiration, up to 4 years from that date. The 4-year admission period starts from the program start date, not date of admission, and includes 30-day grace periods before and after programs that do not count toward the 4 years. Therefore, current students do not start a new 4-year stay exactly on the effective date but transition with some continuation; claiming they start their four-year stay 'on that day' is somewhat overstated or simplified.",True
718451c5503cdb9a,718451c5503cdb9a:C08,4,"The new ruling “restores integrity to the nation’s immigration system, combats rampant visa abuse and strengthens national security through regular vetting”",government_position,Department of Homeland Security,U.S. Department of Homeland Security,partially_supported,"The evidence supports that the new rule enhances oversight and vetting (including biometric screening and more frequent status checks) intended to improve immigration system integrity and national security by reducing opportunities for fraud and abuse. While the exact quoted phrase is not in the sources, the policy's stated purposes and effects align with restoring integrity, combating abuse, and strengthening security through regular vetting, partially supporting the claim.",True
718451c5503cdb9a,718451c5503cdb9a:C09,5,"Foreign students have been admitted into the U.S. indefinitely, allowing thousands to abuse the immigration system by perpetually enrolling in courses to avoid having to leave the U.S.",government_position,Markwayne Mullin,Department of Homeland Security,partially_supported,"The evidence shows that prior to the final rule, students were admitted for duration of status indefinitely, which created risks of abuse including prolonged stays. DHS cites multiple incidents and security risks tied to this system. However, the final rule limits stays and imposes oversight to prevent perpetual enrollment abuse. The claim that foreign students have been admitted indefinitely and that thousands abused the system to avoid leaving is supported by the DHS risk assessments and examples, though exact number counts are not specified. Hence, the claim is partially supported.",True
718451c5503cdb9a,718451c5503cdb9a:C07,6,"The ‘duration of status’ was a “loophole” that allowed international students staying for an indefinite period of time, called “forever students”",government_position,Department of Homeland Security,U.S. Department of Homeland Security,supported,"The evidence describes that the 'duration of status' (D/S) policy allowed indefinite stay under student status, which the new rule ends, replacing it with fixed-time admission periods. The DHS characterizations in the final rule match the claim that D/S was a 'loophole' and that some foreign students were 'forever students' under the prior system.",True
592d184def3b872a,592d184def3b872a:C01,1,International students will only be able to remain in the United States for a maximum period of four years.,policy,Donald Trump administration,Department of Homeland Security,partially_supported,"The final rule imposes a maximum 4-year period of admission for J-1 exchange visitors, after which they have 30 days to leave or seek to maintain status (final:8 CFR 214.2/p89). Similarly for F and J nonimmigrants maintaining status on Sept 15, 2026, they may stay up to 4 years from that date, then get a departure period (final:8 CFR 214.1/p25). However, the claim that ""international students will only be able to remain in the US for a maximum of four years"" is incomplete, as the evidence shows some transition rules allowing current students longer stay up to their program end date or EAD expiration, and a departure grace period after the 4 years (final:8 CFR 214.1/p25). The rule also shortens the F-1 post-study grace period from 60 to 30 days (final:II.C/p21). The claim does not detail these nuances, so it is only partially supported.",True
592d184def3b872a,592d184def3b872a:C05,2,The new visa rules will be published in the Federal Register in the next few days and will take effect 60 days after that.,policy,Department of Homeland Security,Department of Homeland Security,partially_supported,"The final rule was published on July 17, 2026, and the effective date is scheduled as September 15, 2026, which is approximately 60 days after publication (final:FRONT.DATES/p1, [unretrieved evidence]). The rule is subject to congressional review with at least 60 days delay. The claim that publication will occur ""in the next few days"" is outdated as the final rule is already published as of the evidence date. The claim about taking effect 60 days after publication aligns with the statutory process, but the final rule sets a fixed effective date of September 15, 2026. Thus, the claim is partially supported but the timing phrasing is not precise. Unretrieved evidence IDs were removed.",True
592d184def3b872a,592d184def3b872a:C02,3,The new final rule to be published by the Department of Homeland Security will impact visitors on cultural exchange programmes who possess a J visa and foreign journalists with an I visa.,policy,Department of Homeland Security,Department of Homeland Security,supported,"The final rule changes the admission period from duration of status to a fixed time period not only for F visas, but also for J exchange visitor visas and I foreign-media representative visas (final:FRONT.SUMMARY/p1). Regulatory text confirms these changes affect J and I visa holders, including visitation limitations and extension processes (final:8 CFR 214.2/p74, final:8 CFR 214.2/p30). DHS explains the regulatory purpose clearly (final:II.A/p6). Therefore, the claim that the new final rule will impact visitors on cultural exchange programs with J visas and foreign journalists with I visas is directly supported.",False
592d184def3b872a,592d184def3b872a:C03,4,"These visas (F, J, I) are currently available for the duration of an educational programme or employment in the US.",policy,,,supported,"The current availability of visas in the F, J, and I classifications is for the duration of an educational program, exchange visitor program, or foreign media assignment (duration of status, D/S), as defined by regulatory text and agency explanation (final:II.A/p2). The final rule changes this to admission for a fixed time period, ending the duration of status (final:FRONT.SUMMARY/p1, final:8 CFR 214.1/p25). Thus, the claim that these visas are currently available for duration of an educational program or employment is fully supported.",False
592d184def3b872a,592d184def3b872a:C04,5,The new rules are meant to combat rampant visa abuse and strengthen national security through regular vetting.,government_position,Department of Homeland Security,Department of Homeland Security,supported,"The agency states that the regulatory changes are to provide additional protections and oversight, allowing better evaluation of maintenance of status, thereby deterring fraud and abuse and strengthening national security (final:FRONT.SUMMARY/p1, final:II.A/p10). The DHS explains the 9/11 context and the need to combat abuse and enhance tracking (final:II.A/p6). Although the evidence records DHS's stated purposes rather than verified effects, the claim that the new rules are meant to combat rampant visa abuse and strengthen national security through regular vetting is supported as DHS's objective.",False
592d184def3b872a,592d184def3b872a:C06,6,"Following that, students will have to apply for extensions periodically if they require more than four years to complete their studies or exchange programme.",policy,Department of Homeland Security,Department of Homeland Security,supported,Evidence specifies that F-1 students unable to complete their program within their admission period may apply for extensions of stay with USCIS following issuance of a new Form I-20 (final:8 CFR 214.2/p30). The immigrant nonimmigrant categories affected must apply for extensions to continue beyond fixed admission periods (final:VI.J/p3). The regulatory text limits public high school F-1 students to up to 12 months (final:8 CFR 214.2/p9). The collected text including limitations on length and the extension process supports the claim that students requiring more than four years must apply for extensions periodically.,False
d38d6710ad7bf98e,d38d6710ad7bf98e:C02,1,F Visas (International Students) are capped at a maximum stay of four years.,policy,,,contradicted,"The claim states F visas are capped at maximum stay of 4 years; however, evidence shows F-1 students admitted to English language training programs are limited to 24 months plus 30-day departure (final:8 CFR 214.2/p7). Transition provisions allow currently maintaining F students on D/S as of September 15, 2026 to stay up to 4 years from that date plus a 60-day departure period (final:8 CFR 214.1/p25). But the overall rule is not a simple fixed 4-year cap for all F students. Graduate and doctoral students have additional complexities and sometimes extended periods (final:III.C.2/p1). Therefore, the claim that all F visa holders are capped at 4 years is an overstatement and contradicted by the segmented limits and transition rules.",True
d38d6710ad7bf98e,d38d6710ad7bf98e:C09,2,"Graduate students are strictly forbidden from changing fields, altering educational objectives, or transferring schools without explicit, prior government approval.",policy,,,partially_supported,"The rule prohibits graduate-level F-1 students from changing educational objectives at any point during their program (final:II.C/p15, final:V.A/p17). Transfers require completing the first academic year at the original school unless SEVP authorizes exceptions (final:II.C/p14, final:8 CFR 214.2/p47). The claim is mostly correct about prohibitions on changing fields or transferring without explicit prior approval. However, the term 'strictly forbidden' may be overstated as SEVP can authorize exceptions for transfers. The claim’s wording overstates a zero-tolerance rule; thus, it is partially supported.",True
d38d6710ad7bf98e,d38d6710ad7bf98e:C10,3,Individuals enrolled in longer tracks (such as 5-year degrees or Ph.D. programs) must submit formal extension requests with biometric screening and additional fees directly to U.S. Citizenship and Immigration Services (USCIS).,policy,,,partially_supported,"The final rule text (8 CFR 214.2(f)(7)(iii)(A)) requires that an F-1 student must file an extension of stay (EOS) application with USCIS, including submitting an updated endorsed Form I-20, evidence of sufficient funds, any required biometrics, and a fee. The agency explanation confirms USCIS may require biometrics as part of the application process. The claim that individuals on longer tracks must submit formal extension requests with biometric screening and additional fees directly to USCIS is directly supported by these sources. Number/date values not found in cited evidence: 5.",True
d38d6710ad7bf98e,d38d6710ad7bf98e:C06,4,I Visas (Foreign Journalists) are dramatically reduced to an initial stay of up to 240 days.,policy,,,supported,"The evidence shows I visa holders are admitted for necessary time for assignments, not exceeding 240 days, except Chinese nationals are limited to 90 days per admission (final:8 CFR 214.2/p73,p74). Extensions of stay may be requested for up to 240 days per extension (final:8 CFR 214.2/p76), and automatic stay extensions up to 240 days during timely extension applications exist (final:8 CFR 214.2/p28). DHS clarifies the 240-day limit applies (final:II.C/p34). Thus, initial stays for I visas are limited generally to up to 240 days, supporting the claim of dramatic reduction for foreign journalists.",True
d38d6710ad7bf98e,d38d6710ad7bf98e:C12,5,"Current visa holders residing in the United States will automatically transition to the new framework, with their remaining authorized stays capped at four years from the rule’s eventual effective date.",policy,,,supported,"The final rule states that F and J nonimmigrants in the U.S. maintaining status on the effective date will remain valid in status without needing to file an extension until their program end date or four years from that date, whichever is earlier, plus a departure period of 60 days for F nonimmigrants and 30 days for J nonimmigrants. The agency explanation clarifies this automatic transition to the new framework with authorized stays capped at 4 years from the rule's effective date. This explicit allowance supports the claim fully.",True
d38d6710ad7bf98e,d38d6710ad7bf98e:C01,6,"The Donald Trump administration finalized a sweeping immigration rule that officially eliminates the open-ended “duration of status” framework, replacing it with strict fixed-term limits for international students, exchange visitors, and foreign journalists.",policy,,Donald Trump administration,supported,"The final rule explicitly changes the admissions for F, J, and I classifications from duration of status to fixed time periods (final:FRONT.SUMMARY/p1, final:V/p2). It ends admission for D/S for F students, J exchange visitors, and I foreign media representatives and replaces it with fixed admissions (KF-DS-01 equivalent). The J-1 exchange visitor admission length is specifically capped by Form DS-2019 program length up to 4 years (final:8 CFR 214.2/p87). DHS reasoning about replacing D/S with fixed terms for F and J categories supports the claim (final:III.C.3/p8). The policy is finalized as of July 17, 2026, per timeline.",False
65a2e61fa19416e7,65a2e61fa19416e7:C02,1,The new rule imposes a four-year limit on the F-1 visa stay period.,policy,Department of Homeland Security (DHS),Department of Homeland Security (DHS),supported,"The final rule explicitly states an F-1 student is admitted for the program length up to a maximum of 4 years per admission (8 CFR 214.2(f)(5)(i)). Extensions can be applied for with a new Form I-20 and USCIS approval. The explanation of the four-year cap and its calculation is clear, and the rule retains provisions for extensions, so the four-year limit is not a hard lifetime cap but applies as a base admission period.",True
65a2e61fa19416e7,65a2e61fa19416e7:C01,2,The United States’ new F-1 visa rule ends the 'duration of status' system for international students.,policy,Department of Homeland Security (DHS),Department of Homeland Security (DHS),supported,The evidence from the DHS final rule summary and regulatory text confirms that the previous 'duration of status' system for F-1 students is ended and replaced with admission for a fixed time period. The regulatory text (8 CFR 214.2(f)(5)(v)) details the requirement that students who end study early must leave or maintain status within 30 days. Extensions of stay are provided through USCIS applications after new Form I-20 issuance. Historical context supports the change from D/S to fixed admission periods.,False
65a2e61fa19416e7,65a2e61fa19416e7:C03,3,The post-study grace period has been reduced from 60 days to 30 days under the new F-1 visa rule.,policy,Department of Homeland Security (DHS),Department of Homeland Security (DHS),supported,"The final rule text and agency explanations confirm the reduction of the post-study grace period from 60 days to 30 days. The regulatory text and explanatory passages highlight the 30-day departure period from program end date or end of authorized OPT, replacing the previous 60-day period. The effective date and transition provisions are consistent with the claim.",False
65a2e61fa19416e7,65a2e61fa19416e7:C04,4,"Students requiring additional time beyond four years may need to apply for formal extensions through USCIS, potentially involving additional documentation, fees and processing delays.",policy,Department of Homeland Security (DHS),Department of Homeland Security (DHS),supported,"The regulatory and explanatory texts describe the requirement for students needing more time to obtain a new Form I-20 and then file for an extension of stay (EOS) application with USCIS. The process involves discretionary USCIS approval, additional documentation, fees, and adjudication, including background and security checks. The requirement to separately apply for reinstatement if status is violated, and possible delays, supports the claim of additional procedural steps and potential delays.",False
de5a27e8831b88a5,de5a27e8831b88a5:C05,1,The rule counts Optional Practical Training and STEM OPT towards that four-year limit.,policy,,Department of Homeland Security,partially_supported,"The final rule reduces the departure preparation period from 60 to 30 days (II.C/p21) and addresses post-completion OPT and STEM OPT work authorizations in 8 CFR 214.1(m)(1)(i). While OPT and STEM OPT periods allow admission until EAD expiration plus 30 days (8 CFR 214.1(a)(4)(iii)), the evidence does not explicitly state these periods count towards the four-year limit. In fact, OPT/STEM OPT are authorized until the EAD expiration, but the text does not specifically indicate deducting these periods from the four-year cap. Thus, the claim that OPT and STEM OPT count towards the four-year limit is only partially supported.",True
de5a27e8831b88a5,de5a27e8831b88a5:C06,2,The rule cuts the grace period after completion of studies from 60 days to 30 days and requires students to obtain USCIS approval through Form I-539 for any extension.,policy,,Department of Homeland Security,partially_supported,"The rule decreases the grace period for F-1 nonimmigrants after completion of study or post-completion practical training from 60 to 30 days (II.C/p21 and V.F.3/p5). Extensions require USCIS approval; generally, an F-1 student must file Form I-539 for an extension as stated in 8 CFR 214.1(m)(1). However, for students filing timely applications for post-completion OPT or STEM OPT by March 18, 2027, filing Form I-539 is not required (8 CFR 214.1(m)(1)(i)). Therefore, the claim that the rule cuts the grace period to 30 days and requires Form I-539 for any extension is partially supported, as exceptions exist for OPT/STEM OPT applicants.",True
de5a27e8831b88a5,de5a27e8831b88a5:C14,3,"FIIDS proposed statutory exemptions for graduate and STEM programmes whose median completion periods exceed 48 months, subject to a 64-month limit with automatic extensions.",policy,The Foundation for India and Indian Diaspora Studies (FIIDS),The Foundation for India and Indian Diaspora Studies (FIIDS),unresolved,"The provided proposed rule excerpts discuss limits for language training students (24 months), OPT/STEM OPT provisions, and admission restrictions for Chinese passport holders, but do not mention statutory exemptions for graduate and STEM programs with median completion periods exceeding 48 months, nor a 64-month limit with automatic extensions. Therefore, this claim cannot be verified based on the supplied evidence.",True
de5a27e8831b88a5,de5a27e8831b88a5:C16,4,"FIIDS proposed automatic extensions for students in good standing, exclusion of OPT and STEM OPT from the four-year calculation, faster processing of Form I-539 applications and restoration of the 60-day grace period.",policy,The Foundation for India and Indian Diaspora Studies (FIIDS),The Foundation for India and Indian Diaspora Studies (FIIDS),unresolved,"The proposals mention exemptions from filing Form I-539 for OPT/STEM OPT under certain conditions, transition provisions maintaining 4-year maximum stay plus departure periods, and reduction of the grace period to 30 days. However, the supplied evidence does not include explicit text about automatic extensions for students in good standing, exclusion of OPT and STEM OPT from the 4-year calculation, faster processing of I-539 applications, or restoration of the 60-day grace period. Therefore, these aspects of the claim are not verifiable from the provided evidence.",True
de5a27e8831b88a5,de5a27e8831b88a5:C04,5,"The rule ends the decades-old ""duration of status"" policy and imposes a maximum stay of four years.",policy,,Department of Homeland Security,supported,"The final rule text and agency explanations confirm that the rule ends the decades-old 'duration of status' (D/S) admission for F and J classifications (and I), replacing it with admission for a fixed time period, including a maximum stay of four years. Specifically, 8 CFR 214.2(j)(1)(ii)(A) caps the J-1 program length at four years. The transition provisions in 8 CFR 214.1(m)(1) define a four-year limit starting September 15, 2026, with specific departure periods thereafter. Agency explanation (V.E.1) confirms this change from duration of status to fixed admission periods.",True
6106154cd96d400d,6106154cd96d400d:C02,1,"F-1 student visa holders, J-1 exchange visitors and I visa holders for foreign journalists will generally be admitted for a maximum of four years under the new framework.",policy,US Department of Homeland Security (DHS),US Department of Homeland Security (DHS),partially_supported,"The rule limits J-1 exchange visitors to a maximum of 4 years admission generally. However, I visa holders from the People's Republic of China are admitted for up to 90 days (excluding Hong Kong and Macau passports). The claim that F-1, J-1, and I visa holders will generally be admitted for up to 4 years omits that some I visa holders (Chinese passport holders) have a 90-day limit. Therefore, the claim is partially supported.",True
6106154cd96d400d,6106154cd96d400d:C03,2,"Students completing their studies will have only 30 days to remain in the US, down from the current 60-day grace period.",policy,US Department of Homeland Security (DHS),US Department of Homeland Security (DHS),partially_supported,"The evidence shows the grace period for departing F-1 students after completion is reduced from 60 to 30 days. However, students who are properly maintaining status on September 15, 2026, generally retain a 60-day departure period. Thus, the claim describing a universal reduction to 30 days is partially supported but missing the transition rule exceptions.",True
6106154cd96d400d,6106154cd96d400d:C01,3,"The US Department of Homeland Security (DHS) has finalised a new rule replacing the long-standing ""Duration of Status"" (D/S) system with a fixed admission period.",policy,US Department of Homeland Security (DHS),US Department of Homeland Security (DHS),supported,"The evidence confirms that the DHS final rule replaces the 'Duration of Status' system with fixed admission periods for F, J, and I classifications, specifically ending admission for 'duration of status' and instituting fixed admission periods, as stated in the summary and regulatory text.",False
6106154cd96d400d,6106154cd96d400d:C04,4,"Those requiring additional time must apply for an extension through Form I-539, subject to approval by US Citizenship and Immigration Services (USCIS).",policy,US Department of Homeland Security (DHS),US Department of Homeland Security (DHS),supported,"The evidence explicitly states that those needing additional time must apply for an extension of stay (Form I-539) with USCIS, subject to discretionary approval, following issuance of a new Form I-20 by the designated school official.",False
6106154cd96d400d,6106154cd96d400d:C05,5,The rule takes effect on September 15.,policy,US Department of Homeland Security (DHS),US Department of Homeland Security (DHS),supported,"The final rule's effective date is set as September 15, 2026, confirmed by regulatory text and front matter. DHS may publish a notice if the date changes after congressional review. Thus, the claim that the rule takes effect on September 15 is supported.",False
6106154cd96d400d,6106154cd96d400d:C06,6,Students already in the United States under the current Duration of Status (D/S) system on September 15 will be allowed to continue until the programme completion date listed on their Form I-20 or until the end of approved Optional Practical Training (OPT) or STEM OPT.,policy,US Department of Homeland Security (DHS),US Department of Homeland Security (DHS),supported,"Persons in the U.S. on D/S at the effective date maintaining status may continue until program end date or approved OPT/STEM OPT end date, as detailed in transition provisions, consistent with the claim.",False
865b6f64b98a7c95,865b6f64b98a7c95:C08,1,"Trump is also cutting back on the period in which foreigners may linger in the U.S. after completing their programs, reducing it from 60 to 30 days.",policy,Trump Administration,,contradicted,"The claim that Trump is cutting the post-completion stay period from 60 to 30 days is contradicted. The rule clarifies that the 60-day departure period after program completion remains in effect for F students, and 30 days applies only to J visitors. The claim misstates that the period is reduced to 30 days for F-1 students.",False
865b6f64b98a7c95,865b6f64b98a7c95:C06,2,"The F-1 visa program has been allowing foreigners to remain on visas here for the 'duration of their status' at their university, with no time limit.",policy,,,partially_supported,"The claim that the F-1 visa program has allowed foreigners to remain on visas for the 'duration of their status' with no time limit is partially supported: the regulation indicates transition from D/S to fixed admission periods happens starting September 15, 2026, allowing maintenance of status until program end date or EAD expiration up to 4 years from that date with departure periods. However, the phrase 'no time limit' is overstated since there is a maximum fixed 4-year period under new rules.",True
865b6f64b98a7c95,865b6f64b98a7c95:C01,3,New rules announced by the Trump Administration are addressing the flood of foreign students at American universities.,government_position,Trump Administration,,unresolved,No provided evidence explicitly mentions rules announced by the Trump Administration addressing a flood of foreign students at American universities. The documents detail changes in student visa regulations but do not link these directly to an administration or to addressing a 'flood' of students.,True
865b6f64b98a7c95,865b6f64b98a7c95:C04,4,"In July 2023, the U.S. Court of Appeals for the Fifth Circuit ruled against a challenge to how a public Texas university charged only in-state tuition to illegal aliens, while charging much higher out-of-state tuition to American citizens.",policy,,U.S. Court of Appeals for the Fifth Circuit,unresolved,No relevant evidence from the supplied documents addresses or confirms the claim about a July 2023 U.S. Court of Appeals Fifth Circuit ruling concerning Texas university tuition charging policies.,True
865b6f64b98a7c95,865b6f64b98a7c95:C05,5,But this month the same court upheld by a 2-1 vote a settlement with the Trump Administration whereby Texas agreed to stop enrolling illegal aliens at preferential tuition rates.,policy,,U.S. Court of Appeals for the Fifth Circuit,unresolved,The claim concerns litigation activity not established by the indexed September 14 ruling.,True
865b6f64b98a7c95,865b6f64b98a7c95:C07,6,"Under a new rule issued by Trump’s Department of Homeland Security, most new F-1 students will receive visas that expire after a fixed period of time, usually four years.",policy,Trump’s Department of Homeland Security,,supported,"The evidence shows that under the new DHS rule, F-1 students are admitted for fixed periods not to exceed 4 years per admission, with provisions for extensions, which supports the claim that most new F-1 students will receive visas expiring after a fixed period, usually four years.",False
a04e3cef0a75d9cf,a04e3cef0a75d9cf:C01,1,The Department of Homeland Security (DHS) rule would have ended duration of status for international students studying at U.S. universities.,policy,,Department of Homeland Security (DHS),supported,"The final rule amends DHS regulations to change the admission period for F, J, and I classifications from duration of status to a fixed time period, effectively ending duration of status for these categories. The evidence states the rule would end duration of status for these international students, matching the claim.",True
a04e3cef0a75d9cf,a04e3cef0a75d9cf:C02,2,"The rule was scheduled to take effect on Sept. 15, 2026.",policy,,,supported,"The final rule's effective date is specified as September 15, 2026, in the regulatory text and summary, confirming the scheduled effective date claimed.",False
a04e3cef0a75d9cf,a04e3cef0a75d9cf:C03,3,U.S. District Judge F. Dennis Saylor IV issued a preliminary injunction blocking the rule from taking effect.,government_position,U.S. District Judge F. Dennis Saylor IV,,supported,"The court order signed by U.S. District Judge F. Dennis Saylor IV on September 14, 2026, granted a preliminary injunction postponing the effective date of the final rule and enjoining its implementation, directly supporting the claim.",False
a04e3cef0a75d9cf,a04e3cef0a75d9cf:C04,4,"The judge noted the potential damage such a policy could cause to American higher education and the economy, describing it as ""likely to be catastrophic.""",government_position,U.S. District Judge F. Dennis Saylor IV,,supported,"The judge's memorandum discusses the likely catastrophic damage to American higher education and the economy caused by the rule, using language equivalent to 'likely to be catastrophic,' supporting the claim.",False
